{"cameraMode":{"drawMode":0,"name":"Shaded","section":"Shading Mode"},"sceneLighting":true,"audioPlay":false,"sceneViewState":{"showFog":true,"showMaterialUpdate":false,"showSkybox":true,"showFlares":true,"showImageEffects":true,"showParticleSystems":true,"showVisualEffectGraphs":true,"m_FxEnabled":true},"in2DMode":false,"pivot":{"x":3.2825675010681154,"y":-0.40827465057373049,"z":14.791642189025879},"rotation":{"x":-0.1139715313911438,"y":0.039328135550022128,"z":-0.004515474196523428,"w":-0.99269700050354},"size":23.417137145996095,"orthographic":false}